{
    "overall": {
        "precision": 0.9117842729081748,
        "recall": 0.9442634003820654,
        "f1": 0.9274241026748811,
        "num_samples": 15948
    },
    "class": {
        "algebra": {
            "precision": 0.8956632653061225,
            "recall": 0.9079389707783811,
            "f1": 0.9017593424939001,
            "num_samples": 3867
        },
        "combinatorics": {
            "precision": 0.881860465116279,
            "recall": 0.9631699263398527,
            "f1": 0.9207235644045162,
            "num_samples": 3937
        },
        "geometry": {
            "precision": 0.9550455831499528,
            "recall": 0.9544454916745209,
            "f1": 0.954745443117536,
            "num_samples": 6366
        },
        "number theory": {
            "precision": 0.8855297157622739,
            "recall": 0.9445975744211687,
            "f1": 0.9141104294478527,
            "num_samples": 3628
        }
    },
    "slices": {
        "short_problem": {
            "precision": 0.9274924471299094,
            "recall": 0.9288956127080181,
            "f1": 0.9281934996220711,
            "num_samples": 629
        },
        "keyword_number": {
            "precision": 0.8616352201257862,
            "recall": 0.927765237020316,
            "f1": 0.8934782608695652,
            "num_samples": 387
        }
    }
}